BTC,NYSE,NASDAQ,LSE,BTC_Volume,NYSE_Volume,NASDAQ_Volume,LSE_Volume
14982,12902,7006,3742,168466,33974,19297,4
15201,12957,7065,3749,168719,35440,21731,10
15599,13028,7077,3749,217831,36973,21032,6
17429,13103,7136,3758,238408,32392,20240,22
15170,13114,7157,3744,184138,32461,20550,9
14595,13120,7163,3719,166599,34674,21558,10
14973,13106,7153,3700,185008,35799,21324,19
13405,13210,7211,3649,165340,36456,20151,13
13980,13294,7261,3700,120656,35872,19866,16
11490,13246,7223,3699,188537,43628,23997,13
11188,13352,7298,3689,188306,37903,22459,12
11474,13315,7296,3695,150203,37033,20374,16
11607,13384,7336,3751,107404,37242,20054,42
10931,13470,7408,3719,105374,34894,21183,12
10868,13474,7460,3799,96606,35411,21358,10
11359,13507,7415,3988,99409,40792,22873,29
11259,13512,7411,3932,88731,38731,20813,15
11171,13637,7505,4024,97461,34746,20807,27
11296,13524,7466,4025,71073,35874,21144,14
10106,13375,7402,3989,86378,40120,21834,17
10221,13367,7411,3927,80411,42762,24289,11
9170,13381,7385,3995,99594,39773,23111,43
8830,13085,7240,4016,127268,43402,26071,33
6955,12572,6967,3955,92852,53108,31432,14
7754,12745,7115,3912,139998,59173,31482,21
7621,12687,7051,4043,91692,46463,23800,13
8265,12270,6777,3918,93467,53338,27307,10
8736,12405,6874,3863,67848,56901,31653,11
8926,12560,6981,3934,62564,40692,22506,12
8598,12574,7013,3930,56967,35035,18303,7
9494,12746,7143,3972,79098,40119,22176,11
10166,12856,7256,4022,90625,36961,21240,19
10233,12874,7239,4050,72961,36469,20377,9
11403,12763,7234,4005,99265,36469,19218,5
10690,12695,7218,4069,94053,37890,19561,9
10005,12711,7210,4085,80400,37206,19275,6
10301,12884,7337,4056,77395,32003,18875,5
10366,12999,7421,4084,72876,34365,18765,6
10725,12819,7330,4054,69661,37520,21622,5
10397,12652,7273,4028,69361,42445,23849,8
10951,12518,7180,3942,73172,45144,24990,10
11086,12557,7257,3837,76205,38912,22914,14
11573,12680,7330,3881,64685,37336,20768,9
10779,12720,7372,3877,68321,33890,21329,10
9965,12707,7396,3922,87979,34066,21986,9
9395,12745,7427,3921,71860,32060,22777,8
9337,12918,7560,3936,87041,33768,23100,4
9205,12898,7588,3945,64573,32169,23144,10
9194,12831,7511,3905,59911,33242,24592,8
8269,12762,7496,3966,64382,33946,21129,9
8300,12743,7481,4019,68344,35437,20082,10
8338,12784,7481,3996,52893,54291,30899,18
8630,12651,7344,3959,67291,33274,23528,7
8913,12663,7364,4036,63617,32725,19760,6
8929,12683,7345,4150,60431,34347,19992,27
8728,12377,7166,4183,55303,37654,23709,12
8879,12177,6992,4124,59541,38293,24557,18
8209,12433,7220,4078,59210,35380,23413,6
7833,12302,7008,4166,53782,37613,23474,6
7954,12308,6949,4129,49352,38757,25519,10
7165,12452,7063,4126,63612,35723,25933,12
7083,12216,6870,4086,43334,36357,24026,8
7456,12367,6941,4086,54997,33958,23309,8
6853,12466,7042,4020,49360,33692,22615,14
6811,12571,7076,4152,56393,32304,21530,25
6636,12349,6915,4218,37668,33123,23597,12
6770,12380,6950,4260,48940,30761,20892,7
6834,12565,7094,4305,42727,35791,22520,12
6968,12514,7069,4246,46418,30545,18820,11
7889,12580,7140,4238,89062,30453,20270,12
7895,12546,7106,4270,77644,29885,17681,8
8058,12628,7156,4216,56313,30207,18004,5
7902,12705,7281,4175,69008,32861,19353,10
8163,12732,7295,4205,65299,34120,19087,8
8294,12671,7238,4250,70632,33751,19820,4
8845,12607,7146,4250,84381,34282,19351,9
8930,12610,7128,4215,69251,30303,17444,12
9697,12514,7007,4300,106788,37160,21542,13
8845,12517,7003,4273,110831,35636,20558,8
9281,12582,7118,4297,89705,36909,21412,9
8987,12594,7119,4318,75662,32345,20503,39
9240,12515,7066,4300,86739,37495,19985,11
9119,12493,7130,4355,77130,35628,19326,21
9235,12418,7100,4374,75581,40470,21578,17
9743,12392,7088,4297,102072,38675,23557,8
9700,12493,7209,4330,82178,33352,20405,11
9373,12519,7265,4351,73940,32668,19506,8
9234,12520,7266,4351,74158,37451,20709,8
9325,12632,7339,4402,72268,39136,22502,5
9043,12731,7404,4471,69066,33806,22504,5
8441,12761,7402,4431,84885,28748,20853,6
8716,12772,7411,4417,73641,29943,20858,12
8510,12704,7351,4475,67057,32911,21203,7
8368,12743,7398,4465,67602,32484,21030,9
8094,12747,7382,4498,58625,34781,19589,6
8250,12717,7354,4528,57641,33832,19821,10
8418,12804,7394,4543,51549,30534,19972,5
8041,12766,7378,4542,51370,33841,19274,5
7557,12743,7425,4469,64911,33331,19970,8
7587,12696,7424,4489,60492,32857,20354,6
7480,12634,7433,4544,48678,30152,17719,12
7472,12442,7396,4480,56626,37433,20953,8
7406,12625,7462,4448,49225,35664,20583,12
7494,12527,7442,4477,51271,42411,25333,13
7541,12620,7554,4484,49214,36943,22123,6
7514,12673,7606,4504,49931,34100,21521,7
7633,12658,7637,4516,49617,35235,20632,6
7653,12778,7689,4554,46922,36627,21981,5
7678,12788,7635,4502,44857,37420,23397,7
7624,12832,7645,4504,42275,31388,19498,5
6906,12856,7659,4543,47452,32621,19593,8
6582,12844,7703,4500,46543,34357,20198,5
6349,12785,7695,4514,50523,38207,21978,9
6675,12771,7761,4490,51387,35409,21936,23
6456,12734,7746,4410,39553,54519,30498,14
6734,12708,7747,4395,40392,33161,21026,12
6769,12638,7725,4370,40570,36711,22833,15
6776,12648,7781,4451,38886,33321,23164,15
6729,12560,7712,4450,35291,33365,23496,8
6083,12639,7692,4461,50798,54681,39563,4
6249,12481,7532,4400,55008,36632,24231,4
6093,12510,7561,4493,32797,35689,20688,13
6157,12412,7445,4459,32962,38039,23196,7
5903,12475,7503,4414,34678,34611,22088,7
6218,12504,7510,4471,39662,35868,22088,8
6614,12485,7567,4389,43969,30950,17778,7
6529,12494,7502,4436,46723,19114,11714,5
6639,12585,7586,4459,49992,29801,17546,8
6673,12664,7688,4497,43139,25902,17186,7
6741,12776,7756,4500,37181,30700,18444,8
6329,12814,7759,4500,40524,30801,17352,9
6394,12681,7716,4494,36448,29861,17684,6
6228,12761,7823,4515,37701,28342,19308,8
6238,12769,7825,4520,38054,26197,17275,5
6741,12748,7805,4488,47257,28198,17393,4
7321,12779,7855,4500,59619,30649,17522,5
7370,12823,7854,4548,61034,31115,18811,8
7466,12786,7825,4568,51116,32783,18863,12
7354,12789,7820,4541,49368,32432,17965,4
7711,12794,7841,4536,51324,29284,16682,3
8424,12847,7840,4550,72776,34304,20218,40
8181,12933,7932,4556,58454,35844,19438,7
7951,12953,7852,4521,48990,36672,22893,7
8165,12921,7737,4492,51958,34343,21934,5
8180,12903,7630,4406,55514,32611,21541,6
7780,12963,7671,4397,52875,39068,22086,9
7624,12902,7707,4357,47976,35013,22289,9
7567,12898,7802,4497,42141,35013,21154,36
7434,12953,7812,4489,46271,30436,20358,17
6951,12964,7859,4468,39259,28790,22453,10
6753,12999,7883,4539,46828,31854,22064,18
6305,12987,7888,4510,50644,29780,20981,9
6568,12956,7891,4502,42670,30661,20481,5
6184,12843,7839,4481,45286,32655,21075,5
6297,12763,7819,4490,40839,31736,19341,6
6199,12835,7870,4438,53017,29865,19388,4
6308,12723,7774,4391,48954,36566,22941,5
6334,12841,7806,4398,43284,32320,19914,3
6580,12908,7816,4408,49929,30376,18507,4
6308,12965,7821,4423,36651,27571,17095,3
6488,12996,7859,4404,33771,31740,17888,3
6376,12990,7889,4447,46681,27012,16692,7
6534,12933,7878,4490,34261,27244,18886,13
6719,12999,7945,4502,40978,26030,18929,4
6884,13102,8017,4597,40190,28650,23337,6
7096,13084,8030,4597,46599,26877,19802,6
7047,13132,8109,4634,41458,28055,19098,6
6978,13039,8088,4648,44632,28104,20227,5
7037,13016,8109,4624,44956,28872,19069,9
7361,12969,8091,4681,42736,30874,22387,10
6792,12968,7995,4662,58004,32487,26028,7
6529,12938,7922,4663,55234,31442,23753,13
6467,12911,7902,4644,42646,29765,21589,7
6329,12928,7924,4726,37141,27511,20554,8
6321,12952,7972,4738,38499,29045,23450,7
6351,12990,7954,4794,40642,33412,23723,8
6517,13034,8013,4748,42109,32740,23329,7
6512,13050,8010,4790,40762,31794,20693,6
6281,13031,7895,4751,39107,29679,23036,9
6371,13091,7956,4758,41800,30911,23282,8
6398,13121,7950,4762,44313,33024,21677,18
6519,13225,8028,4747,43481,34065,23065,111
6734,13236,7986,4770,65319,56524,37298,74
6595,13162,7993,4663,41773,33920,24332,12
6446,13160,8007,4584,47261,33308,23286,25
6495,13101,7990,4585,44373,34175,23423,12
6676,13105,8041,4600,46068,31013,20739,10
6644,13082,8046,4586,50144,34616,23421,9
6589,13125,8037,4585,40009,33758,22995,7
6556,13106,7999,4519,39792,34326,24168,12
6502,13118,8025,4564,38873,36255,30956,6
6576,13042,7879,4521,38384,35103,33026,5
6622,12991,7788,4512,36715,33408,26993,7
6652,13000,7735,4430,39794,33818,22593,7
6642,12960,7738,4356,35808,35316,24664,9
6585,12622,7422,4160,37876,45542,31116,16
6256,12349,7329,4077,51816,49140,31545,30
6274,12439,7496,4097,37835,40240,26742,12
6596,12425,7430,4092,73707,33271,21670,12
6596,12645,7645,4197,40748,34602,26397,14
6544,12613,7642,4275,40884,33470,23850,17
6476,12445,7485,4286,39240,36393,25679,20
6465,12457,7449,4391,35788,35939,25477,18
6487,12374,7468,4355,36728,33312,23010,18
6475,12287,7437,4220,37161,43737,27520,13
6495,11969,7108,4235,34246,47386,29595,13
6476,12118,7318,4311,32305,46639,27880,11
6474,11976,7167,4236,33060,48043,29715,8
6332,11942,7050,4272,41999,47012,27119,6
6334,12129,7161,4260,37811,51256,26992,4
6317,12208,7305,4315,41912,51333,29188,14
6377,12356,7434,4279,37894,47302,27287,8
6388,12321,7356,4287,42348,42612,28996,8
6419,12424,7328,4260,41748,36509,21863,5
6461,12480,7375,4251,47000,35438,23009,4
6530,12679,7570,4256,49412,39290,26874,4
6453,12622,7530,4184,46652,36735,24751,9
6385,12537,7406,4213,43468,40290,24267,6
6371,12343,7200,4165,42957,37015,23053,7
6359,12328,7200,4209,45038,41128,23612,5
5738,12275,7136,4128,73989,44490,25662,8
5648,12361,7259,4099,70321,42049,25235,8
5575,12400,7247,4097,52793,39969,24669,13
4871,12280,7028,4056,70395,38069,23814,9
4451,12048,6908,3946,84282,43708,26722,14
4602,12123,6972,4000,61201,32374,18678,13
4347,12036,6938,4030,48714,16516,9589,16
3779,12181,7081,4058,64769,35235,20369,9
3820,12188,7082,4067,59987,34943,20767,8
4257,12417,7291,4049,72802,39845,24131,5
4278,12389,7273,4083,65033,35992,20181,17
4017,12457,7330,4033,60480,46683,25479,9
3894,12577,7441,4080,50895,42215,26431,8
3956,12221,7158,4039,50280,45157,26557,9
3521,12144,7188,3870,58783,51804,28576,8
3419,11941,6969,3873,68356,42422,25046,5
3502,11889,7020,3867,50209,41628,23802,9
3424,11860,7031,3930,46967,39634,22868,13
3486,11943,7098,4036,41393,40293,24270,10
3313,11936,7070,4030,43433,39783,21622,21
3242,11755,6910,4040,43727,40643,22183,7
3545,11532,6753,4020,54092,46614,26974,10
3696,11502,6783,4013,59113,45191,26232,13
3745,11371,6636,4030,68106,51528,29191,24
4134,11222,6528,4050,89271,56197,32824,14
3896,11036,6332,4067,72060,76578,45716,14
4078,10769,6192,3908,72409,26136,16474,1
3857,11204,6554,3983,53265,42497,25728,7
3654,11285,6579,3983,51302,41390,24491,7
3923,11290,6584,4064,56315,37284,22162,5
3742,11374,6635,4062,46618,34619,21093,2
3943,11383,6665,4124,52448,37331,22618,9
3836,11190,6463,4068,45302,38588,26315,13
3857,11533,6738,4226,48479,42341,25961,6
4025,11605,6823,4206,52286,41331,25234,9
4030,11716,6897,4165,53065,41200,24073,12
4035,11778,6957,4198,51159,40887,24345,11
3678,11839,6986,4270,68741,37213,21901,7
3687,11848,6971,4323,55387,34474,20743,18
3706,11799,6905,4390,56513,36893,19607,12
3630,11868,7023,4469,55371,36011,20660,13
3655,11907,7034,4414,53944,38821,21637,25
3678,11994,7084,4404,54644,38024,21492,10
3657,12151,7157,4454,50029,40090,24599,15
3604,11999,7020,4450,53136,39239,23976,4
3585,12020,7025,4420,54337,33587,22880,9
3600,12029,7073,4413,52628,34492,24191,5
3599,12127,7164,4420,52658,38210,24465,9
3470,12065,7085,4445,69089,36308,24487,6
3448,12090,7028,4530,58971,35180,21063,10
3486,12222,7183,4590,59551,38832,25694,8
3457,12299,7281,4579,58311,49538,29474,10
3487,12329,7263,4580,54229,37824,23988,4
3459,12381,7347,4625,53327,33694,21060,5
3466,12428,7402,4653,52275,35976,22849,6
3413,12398,7375,4650,54821,34865,21794,4
3399,12295,7288,4591,50049,41140,23107,5
3666,12292,7298,4576,77356,36495,21025,6
3648,12297,7307,4639,62770,33953,19084,7
3653,12438,7414,4579,64803,38430,21401,6
3632,12474,7420,4638,64389,36849,21038,5
3616,12440,7426,4631,62710,38453,21175,6
3620,12603,7472,4685,60919,36486,22636,7
3947,12628,7486,4603,99336,35352,21241,5
3999,12673,7489,4508,86933,39048,22026,8
3954,12621,7459,4509,77751,35982,21446,8
4005,12694,7527,4510,78265,34293,24285,7
3882,12700,7554,4508,93187,38602,23994,4
3854,12686,7549,4490,79312,36762,23057,6
3851,12689,7554,4489,83013,37717,24307,12
3854,12644,7532,4507,83997,44457,26767,9
3859,12700,7595,4695,76612,39949,24909,14
3761,12637,7577,4717,90291,39497,25820,12
3896,12624,7576,4735,101741,36313,21666,7
3903,12538,7505,4705,91752,38001,22565,6
3911,12443,7421,4632,95841,39321,24626,5
3901,12415,7408,4635,106386,34243,22609,3
3905,12561,7558,4644,101259,37648,22484,3
3909,12582,7591,4669,98098,34323,21716,5
3906,12674,7643,4666,94691,37822,23792,4
3924,12660,7630,4670,104807,35056,21989,7
3960,12715,7688,4750,93942,59697,34518,9
4032,12781,7714,4781,96469,36207,23021,4
4071,12760,7723,4806,93449,36507,24579,7
4087,12700,7728,4711,101759,37791,24642,11
4029,12782,7838,4642,108312,36126,25028,20
4023,12539,7642,4594,92529,42537,25047,6
3963,12535,7637,4538,103598,34061,21624,5
3985,12641,7691,4601,107076,32885,20803,7
4087,12591,7643,4650,108971,34224,22440,6
4069,12632,7669,4706,93539,31854,19221,6
4098,12696,7729,4751,109186,37525,23117,6
4158,12836,7828,4754,101577,35600,22300,6
4879,12819,7848,4806,213150,32672,21232,6
4973,12833,7895,4930,228998,35700,25096,13
4922,12868,7891,4929,182518,30387,21526,7
5036,12927,7938,4944,168373,31559,21570,7
5289,12943,7953,4865,171541,30564,20755,4
5204,12849,7909,4787,147221,30324,20788,12
5324,12887,7964,4770,155045,30922,20122,7
5064,12887,7947,4840,165556,29706,19694,4
5089,12969,7984,4858,136752,37260,19689,3
5067,12956,7976,4863,122901,31145,18277,5
5235,12952,8000,4936,116186,34031,21027,4
5251,12907,7996,4945,124384,36481,23173,4
5298,12922,7998,4964,132564,35071,21246,3
5399,12914,8015,4997,146016,30101,17909,5
5572,12993,8120,4997,158673,36744,20994,5
5464,12951,8102,4985,170480,34684,20433,4
5210,12912,8118,5040,153302,34400,20733,7
5279,12991,8146,5082,168121,32643,19825,5
5247,13008,8161,5108,137354,31503,17818,4
5350,13060,8095,5014,138789,39397,21318,14
5402,12946,8049,5186,136795,36693,22735,7
5505,12929,8036,5100,146444,38022,22115,6
5768,13037,8164,5116,187207,33571,20810,4
5746,12976,8123,5112,157371,32032,19796,5
5829,12778,7963,5112,180264,37930,23976,5
5982,12766,7943,5142,153206,35431,22146,19
6174,12731,7910,5076,167846,36590,25495,7
6378,12788,7916,5072,194198,35667,24214,4
7814,12526,7647,5050,286776,39002,24848,4
7994,12620,7734,5138,320314,33548,21031,5
8205,12652,7822,5224,283441,31409,20140,6
7884,12738,7898,5284,331671,33384,21687,5
7343,12657,7816,5288,300666,33160,21763,8
7978,12616,7702,5248,238434,32937,21307,10
7963,12720,7785,5270,251272,32230,20001,6
7680,12671,7750,5292,247194,31940,18846,13
7881,12525,7628,5210,244571,38993,22705,7
7987,12581,7637,5230,259191,28892,16852,9
8719,12465,7607,5224,242269,41469,23784,14
8659,12386,7547,5146,234734,37011,22821,6
8319,12393,7567,5252,292465,32760,18751,4
8574,12264,7453,5284,253651,39826,22394,9
8208,12341,7333,5302,220045,39523,25806,12
7707,12560,7527,5300,246097,38141,23741,9
7824,12614,7575,5334,217609,35707,21392,6
7822,12675,7615,5358,194746,34451,20934,4
8043,12765,7742,5412,191414,32443,20741,11
8000,12802,7823,5464,186892,32098,20423,2
7927,12813,7822,5448,171072,35510,21211,13
8145,12784,7792,5408,190344,30398,19789,5
8230,12827,7837,5410,186694,31006,18483,3
8693,12787,7796,5446,198311,29928,18083,5
9320,12775,7845,5454,155629,28284,19505,4
9081,12907,7953,5462,158482,34415,22505,7
9273,12954,7987,5480,155468,33002,20275,5
9527,13081,8051,5530,178468,39430,21082,6
10144,13047,8031,5500,206240,50035,29095,16
11011,13019,8005,5588,192716,31369,20734,8
11790,12936,7884,5584,248796,35794,21325,11
13016,12912,7909,5510,451057,35113,21227,4
11182,12965,7967,5450,399774,31625,20839,7
12407,13049,8006,5486,350877,54226,41014,7
10583,13127,8091,5586,293785,35248,22190,5
10801,13152,8109,5676,310158,32244,19565,6
11961,13239,8170,5762,307964,19635,15482,5
10978,13210,8161,5656,238384,24346,16907,5
12285,13147,8098,5692,234825,29223,19571,4
12573,13136,8141,5678,281679,30333,18714,4
12156,13173,8202,5668,336275,31578,20666,4
11358,13198,8196,5678,285953,31557,19706,12
11815,13234,8244,5694,235346,29841,18359,3
10895,13233,8258,5664,253840,28761,17907,4
9477,13195,8222,5754,241511,32970,19470,4
9693,13119,8185,5778,245699,31856,18871,5
10666,13168,8207,5770,251870,33698,20637,4
10530,13111,8146,5752,207274,32858,18930,4
10343,13109,8204,5716,163344,30162,18604,3
9900,13197,8251,5638,178519,33338,18450,12
9811,13234,8321,5628,173987,34332,19536,6
9911,13169,8238,5626,158219,36570,20580,6
9870,13235,8330,5672,144957,32601,19751,2
9519,13222,8293,6542,137914,32244,18829,18
9607,13187,8273,6504,138298,36327,18936,17
10085,13066,8175,6626,166315,46263,26792,14
10399,12920,8111,7058,171653,47938,28154,20
10518,12839,8004,6814,174890,38828,22625,18
11805,12497,7726,6606,238759,45428,26617,8
11478,12628,7833,6598,236351,41566,22176,10
11941,12632,7862,6790,221949,45127,24701,9
11966,12828,8039,6810,194815,41185,24429,14
11862,12748,7959,6840,183399,33568,22211,6
11382,12586,7863,6790,136471,33285,20689,5
10895,12724,8016,6748,166815,38571,23535,6
10051,12368,7773,6728,199908,43251,25436,7
10311,12409,7766,6722,228991,40417,21908,5
10374,12580,7895,6852,202282,35240,20187,7
10916,12687,8002,6928,160382,32210,19464,5
10763,12599,7948,6880,150530,30677,17507,8
10138,12697,8020,6900,194730,30165,17214,6
10131,12688,7991,6838,170975,28936,17807,6
10407,12416,7751,6832,156270,39425,22143,2
10370,12519,7853,6840,184386,28597,16919,8
10185,12474,7826,6840,147626,35374,19149,8
9754,12559,7856,6880,176037,31024,16634,5
9510,12704,7973,6970,170458,31771,17037,4
9598,12736,7962,6954,135952,30099,16681,6
10623,12663,7874,7034,193849,34278,19387,5
10594,12796,7976,7136,167426,31679,18937,7
10575,12917,8116,7208,145512,39026,21087,7
10353,12933,8103,7322,195365,32093,18787,6
10334,12960,8087,7080,175959,40311,21866,11
10115,12993,8084,6804,149068,43930,23660,23
10178,13082,8169,7206,154280,39343,23226,45
10410,13116,8194,7252,153235,37969,22281,18
10360,13124,8176,7514,141098,35570,19845,20
10276,13107,8153,7404,151601,42858,18765,11
10241,13131,8186,7350,153046,36732,18573,6
10198,13119,8177,7256,161692,34588,20455,7
10266,13111,8182,7246,199376,32656,18184,6
10181,13093,8117,7250,147341,61034,33632,15
9729,13085,8112,7306,151449,31872,17817,15
8620,12992,7993,7370,250028,38728,23109,4
8486,13037,8077,7254,217447,33312,20220,6
8118,13028,8030,7350,192582,30849,18863,15
8251,12971,7939,7360,164089,32464,20412,6
8293,13004,7999,7308,171154,32491,18090,5
8343,12835,7908,7256,153053,35607,22505,5
8393,12608,7785,7008,131257,39141,25036,8
8259,12685,7872,7168,136688,35151,21572,10
8205,12831,7982,7382,131394,30056,17480,9
8245,12777,7956,7452,180097,29590,17595,7
8228,12590,7823,7020,155922,33707,19437,22
8595,12691,7903,7248,193849,27353,15635,8
8586,12766,7950,7288,176186,32344,17934,22
8321,12926,8057,7300,196043,35813,21847,6
8374,12896,8048,7298,151513,25592,14237,3
8205,13006,8148,7208,152204,33450,18416,13
8047,12994,8124,7010,160716,32303,19000,11
8103,13039,8156,7044,143130,31034,18640,8
7973,13006,8089,7102,156515,32689,20200,11
8243,13088,8162,7074,158687,32719,17566,5
8078,13071,8104,7134,168033,35275,18508,8
7514,13114,8119,6936,219428,34136,18221,10
7493,13118,8185,6990,162687,36965,18936,7
8660,13146,8243,6818,287050,33790,19115,10
9256,13186,8325,7022,309482,35249,19599,5
9427,13209,8276,7046,284267,35944,18427,3
9205,13244,8303,7102,277065,37796,19360,4
9199,13171,8292,6954,265836,41493,22761,8
9261,13300,8386,7038,243246,39562,20713,5
9412,13355,8433,7050,261702,41780,21668,8
9342,13339,8434,6962,261986,44905,23274,7
9360,13351,8410,6932,231338,44655,23425,8
9267,13395,8434,6746,227003,41519,24036,7
8804,13407,8475,6904,243330,35081,19821,5
8757,13388,8464,6906,202655,30411,17193,3
8815,13387,8486,6960,203097,34955,20014,5
8808,13385,8482,6988,175457,35137,21800,4
8708,13392,8479,6934,190847,32820,21138,5
8491,13492,8540,6840,217968,33598,21994,4
8309,13483,8549,6840,215794,34401,20532,4
8206,13466,8570,6896,210836,36136,20940,4
8027,13419,8526,6882,207643,40410,26087,5
7642,13406,8506,6782,225142,37440,20737,5
7296,13440,8519,6838,342423,32352,18857,4
7146,13532,8632,6862,426852,35143,22627,7
7218,13559,8647,7010,211295,46004,24393,10
7531,13607,8705,7026,239914,30354,17485,4
7761,13545,8665,6872,197096,17434,10990,3
7321,13448,8567,6750,170820,32857,22403,6
7320,13366,8520,6682,147974,36715,23187,6
7252,13457,8566,6794,216642,37029,21588,4
7448,13482,8570,6740,188160,33604,21333,7
7546,13588,8656,6790,181044,34833,20570,5
7400,13555,8621,6778,178720,34004,21238,3
7278,13545,8616,6798,182490,33463,20587,6
7217,13579,8654,6898,163504,32576,19820,20
7243,13697,8717,6950,189270,40032,23964,8
7269,13697,8734,7172,171257,37576,22196,10
6932,13795,8814,7332,202132,40702,23680,7
6640,13795,8823,7436,223638,38429,23824,15
7276,13799,8827,7404,318365,40299,27423,9
7202,13831,8887,7460,259046,37843,24468,16
7218,13889,8924,7624,226338,64574,38302,19
7355,13899,8945,7734,278317,30645,20286,8
7322,13895,8952,7680,229916,12965,10145,1
7238,13940,9022,7760,227870,21645,16399,2
7290,13944,9006,7760,227773,24291,18337,2
7292,13876,8945,7716,228741,30217,20513,3
7193,13913,8972,7750,211679,28947,21868,1
6985,14002,9092,7700,208020,34599,28627,4
7344,13917,9020,7638,281114,34847,25865,3
7769,13941,9071,7500,232762,37024,28104,4
8163,13898,9068,7440,287672,34359,23817,6
8079,13934,9129,7542,316725,37268,24726,5
7879,13997,9203,7766,240459,36412,25409,9
8166,13957,9178,7652,287145,32145,23829,9
8144,14042,9273,7566,224829,34593,25368,3
8827,14037,9251,7546,448417,36876,25531,5
8807,14053,9258,7646,401028,37214,24432,5
8723,14141,9357,7646,313139,35405,23121,5
8929,14183,9388,7640,363721,37262,25425,8
8745,14109,9370,7708,240974,41048,26866,5
8680,14110,9383,7986,226002,36237,24545,8
8406,14102,9402,7918,257706,37667,24658,5
8445,13978,9314,7950,243979,37087,26229,8
8909,13769,9139,7768,286473,38310,25939,8
9358,13877,9269,7732,343987,35315,21690,7
9316,13843,9275,7790,306825,36002,22346,5
9508,13861,9298,7824,323787,37903,23453,4
9350,13614,9150,7836,294324,45297,26960,15
9293,13677,9273,7924,309340,37604,24273,4
9180,13862,9467,8028,298931,39969,24473,6
9613,14024,9508,8136,352220,41214,24702,8
9729,14034,9572,8166,376288,38872,23138,3
9795,13931,9520,8196,345227,37339,22437,5
9856,13984,9628,8166,393865,34627,21875,4
10208,14054,9638,8198,376480,37629,24500,3
10326,14136,9725,8272,434443,39309,23665,4
10214,14099,9711,8226,493560,35008,22548,4
10312,14097,9731,8220,433382,34197,22267,2
10141,14039,9732,8350,472710,37504,22794,4
9633,14087,9817,8542,469920,36142,24708,5
9608,14061,9750,8416,449252,40191,27457,5
9686,13975,9576,8422,409305,39087,27501,5
9650,13534,9221,8300,450804,48511,31885,6
9341,13143,8965,8072,425152,55967,35955,7
8820,13046,8980,8076,504200,54846,35879,14
8784,12547,8566,7810,454701,70647,45599,9
8672,12380,8567,7576,446054,85695,53200,16
8869,12827,8952,7888,428576,63813,42490,13
8787,12542,8684,7864,423867,63765,43367,10
8755,13009,9018,7994,347467,50730,36347,7
9078,12593,8738,8030,396980,55792,37638,12
9122,12352,8575,7592,408268,65552,42927,14
7923,11298,7950,7246,469369,84412,45541,10
7909,11793,8344,7036,422139,76420,44472,12
7911,11177,7952,7036,386827,74312,43026,11
4970,10060,7201,6356,539803,88508,50993,15
5563,10851,7874,6794,741567,82990,47010,27
5014,9567,6904,6312,453680,78054,46181,15
5225,10063,7334,6174,386226,83702,49202,16
5238,9384,6989,5806,378788,87993,49350,14
6191,9461,7150,5928,510007,79561,47784,28
6198,9133,6879,6220,544429,90539,52603,25
6416,8777,6860,6252,464919,74113,43484,17
6734,9658,7417,6902,482219,75631,44410,12
6681,9961,7384,7368,445901,83000,46836,11
6716,10536,7797,7326,353197,77669,40146,12
6469,10187,7502,6948,345855,62016,39891,14
6429,10434,7774,7322,371016,57511,38707,7
6438,10301,7700,7280,327864,65762,40789,9
6606,9844,7360,7070,403464,59640,37000,8
6793,10062,7487,6736,476606,64641,36221,12
6733,9880,7373,7200,389765,60969,32942,7
7271,10515,7913,7064,468969,64038,38491,12
7176,10537,7887,7180,442434,70504,40859,10
7334,10902,8090,7126,375632,58757,34874,8
7302,11136,8153,7232,348151,78995,41454,6
6845,10949,8192,7244,386193,53195,31846,7
6842,11172,8515,7244,341104,56157,37674,7
6642,10843,8393,7064,322883,52080,33479,5
7116,10818,8532,7262,467832,52288,40578,7
7096,11208,8650,7482,325134,58048,43483,10
6881,11003,8560,7542,377471,52286,38273,13
6880,10706,8263,7350,325897,51210,37881,35
7117,10908,8495,7622,332491,50849,30415,13
7429,10916,8494,7560,435007,57735,37598,4
7550,11017,8634,7440,346365,53828,36960,4
7795,11264,8730,7486,361621,52039,36949,6
7807,11319,8607,7488,331879,56911,37303,17
8801,11618,8914,7586,602010,66456,44071,10
8658,11372,8889,7456,669646,65449,43356,7
8864,11058,8604,7470,440683,47598,37413,4
8912,11056,8710,7426,457187,47359,34431,5
9003,11135,8809,7588,431484,51402,39335,12
9268,10999,8854,7676,493718,48925,36567,9
9951,11121,8979,7828,611127,51787,37872,8
9842,11354,9121,7956,517807,48760,38136,26
8601,11281,9192,7956,571198,48197,39254,26
8804,11055,9002,8104,421427,51196,43365,12
9269,10829,8863,8044,455581,61516,42732,8
9733,10927,8943,7924,564269,56511,39659,6
9328,10947,9014,8026,481588,55077,42406,7
9726,11402,9234,8290,418271,63736,43418,3
9729,11248,9185,8286,392542,49843,41935,7
9522,11420,9375,8360,365462,50053,43155,7
9081,11351,9284,8340,393261,49766,37452,7
9182,11331,9324,8432,298107,39708,36680,3
8835,11603,9340,8272,295841,58485,44489,17
9181,11837,9412,8010,327405,63980,44891,14
9525,11804,9368,8232,343670,54470,41136,7
9439,11802,9489,8030,328966,72975,47422,15
10167,11900,9552,8126,351989,46841,38477,3
9529,12046,9608,8068,391372,51971,39900,5
9656,12302,9682,8250,250074,60055,46790,5
9800,12286,9615,8270,259218,64512,61413,4
9665,12641,9814,8072,235096,86393,66077,7
9771,12836,9924,7910,214863,84983,61973,11
9795,12619,9953,7838,237178,64109,53194,4
9870,12449,10020,8066,257065,65988,51708,6
9321,11659,9492,8094,302471,70373,53008,6
9480,11867,9588,7962,226105,58453,43889,4
9450,11942,9726,7968,266997,57574,44760,4
9538,12161,9895,8096,215655,58458,46693,6
9480,12086,9910,8122,201777,45604,42797,3
9411,12072,9943,8062,177700,44486,43353,4
9288,11980,9946,8238,196322,83466,60938,12
9648,12028,10056,8050,211040,46866,45069,6
9629,12077,10131,8366,170064,47118,57551,4
9313,11726,9909,8014,189617,55976,55891,4
9264,11865,10017,8192,186160,48476,47796,2
9162,11604,9757,8358,183414,81078,73093,4
9190,11777,9874,8362,164605,44739,43362,4
9137,11893,10058,8358,157357,47058,45101,5
9228,11901,10154,8316,159715,44492,46244,15
9123,11991,10207,8434,163389,41977,40389,4
9375,12160,10433,8494,178892,47591,45702,3
9252,11990,10343,8288,138396,45713,43371,5
9428,12086,10492,8402,197023,49373,40302,4
9277,11928,10547,8426,180007,48436,40131,4
9278,12075,10617,8352,168600,45241,35375,3
9243,12014,10390,8446,175198,49024,48518,3
9243,12014,10488,8312,180850,45071,44617,4
9192,12391,10550,8298,158447,46868,46470,6
9132,12350,10473,8290,157139,39728,42777,3
9151,12402,10503,8400,139445,40128,43614,5
9164,12392,10767,8482,137556,39793,43146,2
9374,12508,10680,8478,180695,45566,53507,5
9525,12569,10706,8486,165322,42671,41289,3
9581,12510,10461,8344,181463,42967,45015,3
9536,12461,10363,8368,165527,36894,42333,3
10990,12553,10536,8380,353597,39703,42445,3
10912,12491,10402,8372,287665,40531,38946,4
11100,12669,10542,8492,246172,44782,40096,6
11111,12533,10587,8346,228572,42649,41858,6
11323,12465,10745,8484,231604,50075,44387,7
11246,12536,10902,8686,202717,44389,42038,4
11205,12612,10941,8438,212501,44143,40165,5
11747,12731,10998,8588,244112,45350,41607,2
11779,12729,11108,8578,234007,42789,41200,2
11601,12765,11010,8620,231323,41100,42639,4
11878,12844,10968,8474,261141,43279,40484,3
11410,12849,10782,8546,270397,48805,43317,4
11584,12974,11012,8874,250645,37722,37452,4
11784,12919,11042,8778,275221,34387,34804,4
11768,12902,11019,8636,242379,32000,35142,3
12254,12936,11129,8732,282276,34603,32148,5
11991,12910,11210,8678,260432,36695,32285,3
11758,12859,11146,8848,245028,36794,34964,3
11878,12812,11264,8836,201752,34310,42151,10
11592,12809,11311,8852,237624,35050,39292,5
11774,12972,11379,8882,206815,37434,39073,2
11366,13001,11466,8900,263015,36276,34752,3
11488,13042,11665,8916,224666,37805,34715,2
11323,13068,11625,8904,232404,39558,35474,3
11542,13170,11695,8800,198071,38685,30129,4
11680,13045,11775,8730,222859,43482,36120,6
11970,13113,11939,8730,273115,41014,35110,6
11414,13276,12056,8898,280374,42956,39823,2
10245,12966,11458,8644,319272,49118,44650,3
10511,12966,11313,8488,299651,44387,42844,10
10131,12688,10847,8758,334309,46943,39054,3
10242,12885,11141,8928,241282,39325,35506,4
10363,12706,10919,8890,544064,42086,38400,3
10400,12773,10853,9030,452011,37100,36302,3
10680,12932,11056,8960,354535,38395,37376,3
10796,12967,11190,9150,325094,40571,37861,7
10974,12997,11050,8974,307699,47189,36780,7
10948,12948,10910,8842,381518,43798,37401,5
10944,12833,10793,8960,263419,70764,57590,8
10462,12833,10778,8738,288849,48360,39009,4
10538,12602,10963,8724,236217,39745,35154,7
10246,12359,10632,8890,237886,43786,40973,4
10760,12365,10672,8788,471443,46019,40863,3
10692,12485,10913,8726,393485,38033,37852,4
10709,12677,11117,8844,477623,39509,35917,4
10844,12602,11085,8890,465823,36615,33890,3
10784,12701,11167,8876,441710,47386,42606,3
10619,12726,11326,9108,400231,40763,40059,6
10575,12749,11075,9198,486614,39751,37315,7
10793,12949,11332,9216,475375,36927,36239,8
10604,12837,11154,8988,426236,44533,43909,5
10668,13042,11364,8868,377994,38147,39107,6
10915,13190,11420,8844,633147,38676,35075,5
11064,13252,11579,8880,227991,39440,35042,3
11555,13324,11876,8902,261639,34357,38850,3
11425,13211,11863,8878,242414,36111,36341,7
11429,13143,11768,8774,241034,38585,34104,8
11495,13137,11713,8650,244872,37245,33252,6
11322,13169,11671,8836,256354,46880,31669,8
11742,13018,11478,8808,238607,40910,34774,2
11916,13092,11516,8758,309158,39178,35100,3
12823,13040,11484,8564,434147,41039,34673,5
12965,13145,11506,8516,347297,41720,34340,4
12931,13199,11548,8438,289749,36516,31455,4
13075,12936,11358,8422,294614,40022,32051,6
13654,12817,11431,8546,337498,39624,31047,7
13271,12415,11004,8328,358673,51399,39306,5
13437,12502,11185,8394,564994,49118,32441,4
13546,12429,10911,8278,305814,48439,36716,4
13550,12662,10957,8200,307714,43146,32090,5
13950,12877,11160,8334,298699,42413,32165,4
14133,12978,11590,8710,351163,47904,36207,5
15579,13199,11890,8812,408563,48581,38481,6
15565,13218,11895,8842,398378,48424,41832,12
15332,13611,11713,8564,341491,85705,58639,10
15290,13707,11553,8262,255749,60374,47365,9
15701,13724,11786,8474,297723,46355,38546,7
16276,13551,11709,8576,341757,49096,38866,5
16317,13761,11829,8394,315994,47195,36542,9
16716,13982,11924,8264,315267,52955,41725,7
17645,13949,11899,7936,390068,48121,41450,10
17804,13808,11801,8094,490648,52848,47314,7
17817,13863,11904,8092,369850,43633,53851,5
18621,13827,11854,8134,369928,42363,53509,7
18364,13998,11880,7884,427411,50575,54732,5
19107,14249,12036,7616,514695,62802,63395,7
18732,14191,12094,7726,437103,49104,44486,8
17108,14198,12205,7920,388864,27783,34018,15
19625,14006,12198,8106,477284,63084,77603,15
18802,14146,12355,7990,496336,54184,65124,8
19201,14188,12349,8754,373876,50412,51949,15
19445,14217,12377,8672,319303,50653,52099,9
18699,14417,12464,8634,338723,50996,50869,7
19191,14354,12519,8716,268963,48045,47718,4
18321,14402,12582,8722,316922,45843,48094,4
18553,14374,12338,8658,344203,52328,51684,3
18264,14394,12405,8678,255471,46584,45185,7
18058,14355,12377,8526,279196,43754,42926,5
19246,14214,12440,8710,224739,46238,44919,5
19417,14402,12595,8842,267419,43870,44236,15
21310,14408,12658,8822,444090,40670,45927,7
22805,14516,12764,8880,713786,41928,50298,4
23137,14467,12755,8922,403878,70971,71258,12
22803,14378,12742,8830,458527,47485,51928,3
23783,14321,12807,8932,441716,40533,58118,1
23241,14398,12771,8900,511461,37791,71002,1
23735,14382,12804,8878,410807,18837,33059,1
27084,14405,12899,9102,490567,35354,51091,3
27362,14397,12850,9102,452659,33932,47269,3
28840,14477,12870,9098,512874,31548,53430,2
29001,14524,12888,9008,467549,31790,48158,1
31971,14376,12698,9262,811634,50150,66361,9
33992,14536,12818,9036,675473,45910,69718,5
36824,14788,12740,9134,752894,60641,76898,8
39371,14928,13067,9018,847621,50991,68414,4
40797,14966,13201,9206,881075,47730,72893,2
35566,14937,13036,9204,1233205,44654,69604,2
33922,15010,13072,8976,747732,49949,72640,4
37316,14983,13128,9142,693643,46025,71048,6
39187,15044,13112,9324,636159,51984,67341,11
36825,14894,12998,9134,677607,53698,64583,4
36069,14987,13197,9136,572441,50144,62978,3
35547,15097,13457,9130,668345,45661,68209,8
30825,15019,13530,9172,756430,45017,72586,4
33005,14951,13543,9120,772072,51108,59727,3
32366,14935,13635,9032,598970,70008,71937,4
32569,14867,13626,9048,602554,61375,68496,6
30432,14487,13270,8670,625767,99765,116211,6
33466,14669,13337,8620,765171,69927,99592,7
34316,14397,13070,8686,1178945,66433,78722,9
33537,14596,13403,9100,614004,54362,70925,7
35510,14768,13612,9400,630885,55140,73252,5
37472,14839,13610,9250,611668,48648,75469,5
36926,14975,13777,9398,688380,48792,72953,4
38144,15069,13856,9450,585980,48794,67929,8
46196,15226,13987,9638,1014672,46483,85645,8
46481,15244,14007,9656,918098,45683,87667,3
44918,15273,13972,9578,873010,48370,107859,5
47909,15297,14025,9650,813889,45909,109167,6
47504,15369,14095,9800,765550,41350,74169,3
49199,15423,14047,9910,770495,50589,77221,4
52149,15402,13965,9810,808205,47306,72805,6
51679,15290,13865,9852,520547,47936,64994,5
55888,15362,13874,9722,634954,48453,67378,7
54207,15340,13533,9638,920524,59171,64837,11
48824,15359,13465,9512,1061024,62966,75165,10
49705,15539,13597,9580,636955,60127,58862,12
47093,15206,13119,9710,545065,65474,63903,7
46339,15010,13192,9618,3509679,65260,59061,15
49631,15327,13588,9714,538913,51148,50795,6
48378,15277,13358,9714,475308,55360,49481,8
50538,15199,12997,9562,532208,61736,55299,7
48561,14959,12723,9488,523438,71954,78643,7
48927,15251,12920,8124,486259,68510,77252,26
52246,15288,12609,7606,485974,58717,60102,20
54824,15375,13073,7850,509122,55135,63455,17
56008,15521,13068,7644,572955,58473,60238,12
57805,15648,13398,7724,567723,53128,60088,13
57332,15715,13319,7604,556899,44762,54972,11
55907,15775,13459,7560,664193,49001,59723,13
56804,15669,13471,7512,597497,46130,54938,17
58870,15731,13525,7268,602583,45616,55361,15
57858,15589,13116,7358,557460,51185,57397,16
58346,15562,13215,7218,490638,77574,76305,81
54529,15551,13377,7250,565214,43162,53217,30
54738,15346,13227,7260,564350,46690,56750,26
52774,15276,12961,7080,705672,47830,62486,22
51704,15410,12977,7062,679998,49483,56342,10
55137,15682,13138,7108,566521,54831,52243,10
57750,15611,13059,6976,576255,46281,49650,8
58917,15626,13045,6914,544141,41215,47219,15
58918,15601,13246,6940,655208,45780,50047,18
59095,15751,13480,7234,616691,41621,45764,18
59057,15870,13705,7370,607062,40050,44590,19
58192,15877,13698,7370,660580,40812,40737,19
56048,15838,13688,7278,756453,41208,40987,10
58323,15886,13829,7390,530538,39071,41536,16
58245,15956,13900,7478,466552,36403,39261,6
59893,15977,13850,7500,518286,35889,42509,5
63503,15962,13996,7622,699834,37347,42193,8
63109,16000,13857,7754,774517,39853,41207,15
63314,16116,14038,7900,609543,40334,44068,12
61572,16186,14052,7700,842930,41638,44277,19
55724,16107,13914,7730,653448,38102,43796,6
56473,15944,13786,7696,678493,43426,42451,4
53906,16121,13950,7666,549266,38872,39996,4
51762,16030,13818,7708,747986,42451,44208,12
51093,16206,14016,7726,866686,35698,43551,5
54021,16241,14138,7606,582840,37483,45062,7
55033,16273,14090,7478,494482,37107,46914,9
54824,16322,14051,7554,480005,37873,45597,10
53555,16376,14082,7468,460889,42986,49280,8
57750,16219,13962,7400,523959,43008,47924,12
57200,16325,13895,7162,517131,40702,47614,12
53333,16289,13633,7162,685647,44524,58797,12
57424,16348,13582,7232,692413,42309,45356,16
56396,16459,13632,7100,695232,45110,50214,19
57356,16590,13752,7170,684340,40160,43911,10
55859,16516,13401,7076,717765,45607,48186,6
56704,16355,13389,7080,613083,48707,47383,9
49150,16042,13031,6972,752154,47330,47529,12
49716,16181,13124,7084,967211,47795,46981,7
49880,16415,13429,7190,557374,40088,40226,5
43537,16422,13379,7178,749036,41250,39977,5
42909,16337,13303,7250,561873,43981,43013,6
37002,16233,13299,7312,1263580,42474,43335,5
40782,16350,13535,7504,882819,39788,39907,6
37304,16375,13470,7508,820516,39952,37339,9
38705,16464,13661,7540,673595,36848,35094,3
38402,16390,13657,7572,562119,41822,41289,6
39294,16451,13738,7540,513467,44208,42645,6
38436,16531,13736,7354,432109,64063,50871,19
35697,16555,13748,7574,552001,46492,44479,7
36684,16643,13736,7482,346394,50746,41862,7
37575,16673,13756,7498,330708,58336,50976,5
39208,16632,13614,7438,354607,55879,53962,4
36894,16708,13814,7578,418310,41397,43607,4
33560,16709,13881,7538,336839,44769,46392,3
33472,16685,13924,7546,499020,46596,59584,8
37345,16620,13911,7496,539729,47132,56404,5
36702,16651,14020,7568,435760,44082,49198,5
37334,16694,14069,7724,386997,38150,41575,7
40218,16662,14174,7770,431489,41512,44151,11
40406,16655,14072,7840,464201,40489,45545,6
38347,16542,14039,7914,392116,45383,46830,9
38053,16411,14161,7984,370966,53126,45582,10
35787,16143,14030,7966,362008,68170,61260,14
31676,16411,14141,8124,528090,41289,45620,7
32505,16449,14253,8220,589643,38283,44331,10
33723,16437,14271,8098,463171,37303,44174,6
34662,16558,14369,8182,331233,38166,43246,5
31637,16658,14360,8282,402309,73414,74680,5
34434,16573,14500,8148,338925,41478,42830,3
35867,16547,14528,8168,379014,37071,49013,4
35040,16555,14503,7970,340590,42660,52938,8
33572,16640,14522,7878,378389,37882,44104,5
33897,16674,14639,7896,387289,32258,37514,6
34235,16542,14663,7970,265012,43095,44895,4
33855,16559,14665,8060,247960,40373,46056,5
32877,16359,14559,7864,299103,43475,45750,10
33798,16633,14701,7872,274360,35311,38265,8
33155,16673,14733,7942,243214,33844,38970,2
32702,16575,14677,7800,191208,36954,45834,5
32822,16543,14644,7660,213765,40063,44962,5
31780,16499,14543,7568,213005,39052,45125,7
31421,16364,14427,7600,236994,39857,40695,6
30817,16052,14274,7600,204347,51576,45371,6
29807,16321,14498,7500,231482,44382,46524,14
32110,16503,14631,7560,282030,38102,40985,5
32313,16455,14684,7550,195552,33583,35975,7
33581,16552,14836,7624,225520,45400,39972,5
37337,16565,14840,7424,510221,42756,44370,4
39406,16520,14660,7338,350973,42419,43292,6
39995,16573,14762,7314,387024,42152,42682,5
40008,16697,14778,7318,271671,40446,39286,5
42235,16602,14672,7490,330727,39567,36450,6
39201,16576,14681,7500,255952,37240,37461,4
38152,16713,14761,7416,261898,39651,41413,2
39747,16594,14780,7460,253725,42607,43373,8
40869,16695,14895,7468,351850,37694,41073,9
42816,16748,14835,7844,382264,34518,41730,8
46365,16726,14860,7806,387340,34492,41116,4
45585,16792,14788,7850,335460,38866,39917,6
45593,16875,14765,8098,343197,35325,40023,8
44428,16871,14816,7974,337236,33753,40490,7
47793,16868,14822,7930,317442,30164,40610,3
46004,16836,14793,7992,327768,33706,39739,4
44695,16707,14656,8076,334513,38369,41688,4
44801,16550,14525,8088,321941,37555,38418,3
46717,16429,14541,7996,372043,43984,41914,3
49339,16516,14714,8036,347068,36526,38863,3
49546,16648,14942,8092,343050,35765,39067,3
47706,16741,15019,8138,353611,39792,38097,4
48960,16812,15041,8054,326463,34447,36541,3
46942,16694,14945,7978,326665,32639,36309,3
49058,16844,15129,8024,345110,33312,40486,4
47054,16819,15265,7956,318470,31686,40617,9
47166,16806,15259,7956,347303,42907,41880,9
48847,16845,15309,8062,391393,40573,42716,3
49327,16926,15331,8084,395080,37359,40505,4
50025,16909,15363,8068,432061,32175,37069,5
46811,16801,15374,8200,652100,38229,40142,7
46091,16731,15286,8198,490077,37508,41315,13
46391,16663,15248,8092,386726,37353,40311,8
44883,16563,15115,8126,391546,36231,45871,4
44963,16635,15105,8092,409699,39142,47233,0
47092,16497,15037,8106,386521,36704,45931,4
48176,16626,15161,8038,304844,40320,44651,4
47783,16576,15181,8140,317642,39845,37015,4
47267,16460,15043,8010,287277,72895,67095,10
42843,16168,14713,7840,439098,48980,48794,3
40693,16184,14746,7974,487010,39209,40830,5
43574,16352,14896,7964,381397,39391,42524,2
44895,16567,15052,7942,342440,39163,41961,2
42839,16539,15047,7826,428393,33842,39921,5
42235,16599,14969,7554,309800,40586,46507,11
41034,16328,14546,7352,302149,44165,49895,18
41564,16344,14512,7406,306023,37126,52946,13
43790,16144,14448,7450,311416,44481,59509,11
48116,16323,14566,7448,428506,40103,47107,6
49112,16198,14255,7412,333831,43078,45571,7
51514,16327,14433,7468,358739,39028,41763,5
55361,16338,14501,7446,490347,40096,44659,7
53805,16511,14654,7602,368078,38437,39841,6
53967,16517,14579,7650,348008,32801,35713,4
57484,16430,14486,7624,426373,32819,35395,3
56041,16441,14465,7754,410837,35584,40638,3
57401,16513,14571,7930,416842,36200,40535,7
57321,16744,14823,7834,366157,35982,42624,8
61593,16871,14897,7908,517800,38193,44944,4
62026,16862,15021,7922,380555,36620,41677,3
64261,16988,15129,8062,404711,34591,44834,5
65992,17099,15121,7954,407889,36707,41170,5
62210,17083,15215,8084,459081,38223,49618,5
60692,17122,15090,7600,384340,37582,57757,9
63039,17169,15226,7448,310649,38994,57502,7
60363,17145,15235,7390,348789,38797,71732,9
58482,16920,15235,7292,436570,42260,61301,7
60622,17077,15448,7150,452570,41329,57148,7
62227,17016,15498,7100,368568,45102,53382,12
61004,17131,15595,7150,361505,39715,52739,9
63226,17115,15649,7166,377466,39752,51293,8
62970,17209,15811,7050,361247,43196,53251,8
61452,17168,15940,7080,326158,44623,52972,10
61125,17242,15971,7118,306051,44671,55664,11
67566,17310,15982,7098,411256,42697,57236,9
66971,17286,15886,7046,423579,41170,55746,12
64995,17192,15622,7108,487308,45037,53691,8
64949,17220,15704,6992,358806,39268,45704,19
64155,17297,15860,6938,360848,37286,54465,12
63557,17285,15853,7166,305587,34884,50201,15
60161,17302,15973,7094,468443,39726,55330,15
60368,17192,15921,6666,391783,39690,50493,11
56942,17117,15993,6680,413883,42264,53913,7
58119,16973,16057,6704,387024,42531,48753,12
56289,16945,15854,6684,350361,44411,55678,6
57569,17007,15775,6734,374858,42775,54343,6
56280,17036,15845,6810,366355,34184,41970,19
53569,16624,15491,6850,418107,35177,35021,10
57806,16683,15782,6870,323708,43364,48362,12
57005,16318,15537,6502,367085,66259,66314,22
57229,16133,15254,6752,368581,53667,63202,14
56477,16475,15381,6582,323799,50771,54183,9
53598,16347,15085,6524,397891,52400,59002,7
50582,16591,15225,6590,377073,47708,51152,3
50700,16853,15686,6712,336768,44924,51164,8
50504,16899,15786,6758,284796,42346,46153,9
47672,16780,15517,6642,296035,39038,45156,10
47243,16856,15630,6742,309660,38701,44262,4
46737,16719,15413,6686,321667,43972,45739,15
46612,16652,15237,6770,346386,44854,48659,6
48896,16813,15565,6740,365418,49101,53439,7
47665,16849,15180,6730,272681,48295,49064,12
46202,16668,15169,6808,329027,79870,76687,12
46880,16442,14980,6746,309619,46357,46026,6
48936,16744,15341,6804,270558,40724,45817,3
48628,16874,15521,6924,244479,33196,41079,5
50784,16963,15653,7020,282238,29130,39350,5
50640,17141,15871,7068,243243,27702,37439,5
47588,17134,15781,7068,334303,27079,36485,5
46444,17149,15766,7068,300492,29633,37143,5
47178,17164,15741,6960,266864,31249,37509,2
46306,17164,15644,6930,369741,26778,33925,1
46458,17226,15832,7068,330716,38310,44299,6
45897,17336,15622,7068,424946,46831,51311,6
43569,17112,15100,7188,368510,48879,50318,7
43160,17156,15080,7030,302080,42952,47908,8
41557,17166,14935,7068,841966,41815,42380,4
41821,17119,14942,7172,321042,45118,53171,7
42735,17294,15153,7238,263276,41015,43907,11
43949,17353,15188,7362,334999,40482,43385,11
42591,17259,14806,7422,476911,42517,43020,12
43099,17219,14893,7424,235774,43384,43740,8
42375,16950,14506,7424,224172,47487,50607,9
41744,16818,14340,7440,230915,44657,46653,6
40680,16663,14154,7544,203820,46408,51020,7
36457,16397,13768,7532,430119,55891,58708,13
36654,16413,13855,7362,418566,69281,69987,12
36954,16340,13539,7410,264281,51450,50193,9
36852,16236,13542,7224,313245,55706,57711,8
37138,16152,13352,6958,250414,52142,51773,11
37784,16397,13770,6978,222388,50310,49719,17
38483,16659,14239,7220,207347,50986,51249,6
38743,16829,14346,7144,202885,48168,46718,7
36952,16904,14417,7252,191551,44815,46731,7
37154,16677,13878,7194,185915,44019,43263,6
41500,16701,14098,7144,294122,47062,41213,4
43840,16722,14015,7188,286418,42284,42687,3
44118,16853,14194,6976,330793,44596,42937,4
44338,17069,14490,7186,232458,45243,47297,4
43565,16855,14185,7178,321420,53148,52125,3
42407,16664,13791,7038,269549,52515,52373,12
42586,16531,13790,6874,208277,46003,43473,3
44575,16745,14139,6930,227216,44308,44168,4
43961,16770,14124,6884,197925,42836,42385,3
40538,16492,13716,6754,262466,45394,42783,5
40030,16392,13548,6620,233100,47080,45019,6
38286,16215,13381,6520,254931,51219,48491,3
37296,16019,13037,6540,218490,47974,46393,16
38332,15995,13473,6382,463838,67521,61802,15
39214,16427,13694,6476,265455,51770,46287,11
43193,16313,13751,6574,356900,60713,59281,6
44354,16069,13532,6372,324790,58462,61313,6
43924,16380,13752,6370,291831,53378,52463,4
42451,16287,13537,6984,249677,50398,50925,12
39137,16129,13313,7254,285162,57973,53439,16
38062,15708,12830,7372,285461,69404,61953,24
38737,15625,12795,6982,257765,72431,66839,9
41982,15977,13255,7272,322841,56626,53965,9
39437,15929,13129,7316,310780,49808,50712,6
38794,15753,12843,7440,263648,49386,52882,8
39666,15694,12581,7718,243221,55749,58767,6
39338,15895,12948,7664,239340,53924,54401,4
41143,16261,13436,7904,396169,63097,65522,9
40951,16483,13614,7810,220096,49850,56120,6
41801,16612,13893,7960,344215,82784,81492,9
41077,16606,13838,7912,246155,48698,56739,6
42358,16735,14108,7914,320046,47548,54451,9
42892,16558,13922,7842,252429,45506,50242,4
43960,16701,14191,7824,310429,41313,51495,5
44348,16792,14169,7828,305744,43050,55851,10
47128,16798,14354,7864,363621,43122,51295,8
47465,17014,14619,7868,313970,50859,60608,9
47062,16932,14442,7912,293338,43855,54792,6
45538,16670,14220,7966,333274,48230,54538,10
46281,16787,14261,8084,381626,45629,50027,5
46622,16829,14532,8140,324997,45473,46301,4
45555,16645,14204,8360,296406,48006,47277,8
43206,16587,13888,8388,393933,49868,53604,7
43503,16631,13897,8434,261019,48214,48560,9
42287,16689,13711,8504,272159,40832,45740,4
39521,16534,13411,8410,339499,42662,49466,8
40127,16465,13371,8170,309915,41520,49917,9
41166,16614,13643,8116,276911,38281,49097,4
39935,16511,13351,8150,243420,40830,46422,8
40826,16466,13332,7960,337051,39104,43652,4
41502,16658,13619,7960,253032,41081,45628,4
41374,16761,13453,8098,278195,42904,46789,4
40527,16499,13174,8010,353727,46368,52331,5
39740,16056,12839,8016,280117,46519,44750,8
40458,16054,13004,8068,354457,52400,48451,8
38117,15694,12490,8084,345690,46899,51681,7
39241,15741,12488,7960,309810,47696,48107,8
39773,16032,12871,7872,339037,48541,50671,5
38609,15615,12334,7916,308829,50840,47330,14
38529,15609,12536,7792,329226,51637,49182,7
37750,15729,12563,7792,273269,45820,45472,7
39698,16119,12964,7492,367544,51363,54980,5
36575,15652,12317,7458,431062,50770,53089,5
36040,15566,12144,7296,377955,51169,53244,10
30296,15057,11623,7050,633554,59545,59391,5
31022,15025,11737,7252,598110,58858,62182,9
28936,14902,11364,7220,703888,58161,61523,10
29047,14931,11370,7220,669891,62864,66794,6
29283,15257,11805,7220,428411,51833,58940,3
29862,15259,11662,7146,326138,44150,49302,4
30425,15541,11984,7324,291014,48414,50939,6
28720,15044,11418,7226,312852,51032,50641,13
30314,15035,11388,7166,337734,51135,51544,5
29200,15080,11354,7270,307493,51307,54343,4
29098,15342,11535,7304,314834,44200,45522,4
29655,15290,11264,7306,266165,49231,47244,12
29562,15412,11434,7326,275250,48025,45196,8
29267,15664,11740,7390,367743,47099,46726,5
28627,15942,12131,7558,365820,43756,47939,9
31792,15827,12081,7402,335382,68226,60455,12
29799,15709,11994,7144,411358,45318,47199,11
30467,15960,12316,7328,290835,44057,44458,4
29704,15797,12012,7328,261755,37111,41300,4
31370,15848,12061,7328,319473,43327,46470,4
31155,16019,12175,7126,407709,42482,44112,5
30214,15843,12086,7098,302420,41594,47089,6
30111,15472,11754,7110,216920,41341,54084,4
29083,15096,11340,7052,298674,48896,51520,5
22487,14527,10809,6866,682045,56368,59373,9
22206,14444,10828,6738,509135,51538,48198,7
22572,14595,11099,7088,549120,55304,53685,31
20381,14142,10646,7254,311839,56449,56966,10
20471,14097,10798,7130,271324,85207,74528,13
20710,14414,11069,7166,289702,52922,52262,3
19987,14352,11053,7338,285747,50589,52381,11
21085,14402,11232,7464,261880,50986,52582,6
21231,14811,11607,7600,249577,81202,94681,7
20735,14835,11524,7664,209656,43253,50478,9
20280,14667,11181,7748,213815,42701,54332,5
20104,14599,11177,7700,235527,42112,56508,2
19784,14487,11028,7632,262672,48400,56545,4
19269,14636,11127,7558,307675,40469,48657,4
20190,14499,11322,7430,267155,50765,50535,9
20548,14465,11361,7668,245989,44177,48511,6
21637,14676,11621,7582,258149,40577,46850,10
21731,14642,11635,7612,498998,35216,45265,10
19970,14502,11372,7662,241502,34234,43629,2
19323,14395,11264,7730,258102,38172,43178,6
20212,14340,11247,7674,330424,41093,44330,3
20569,14171,11251,7626,311587,41996,44810,5
20836,14449,11452,7550,259055,41438,43690,7
22485,14403,11360,7650,399744,40468,50579,3
23389,14766,11713,7688,487652,40410,53027,3
23231,14778,11897,7796,429325,41853,54670,8
23164,14871,12059,7894,336310,41327,46809,4
22714,14790,11834,7852,314215,39792,47218,5
21361,14899,11782,7812,355745,35683,43465,2
21239,14793,11562,7830,286246,37789,43497,4
22930,15031,12032,7868,317589,41121,45884,3
23843,15198,12162,7908,402123,44130,49249,3
23804,15327,12390,7998,358872,46163,49074,6
23314,15286,12368,7988,258491,42028,43963,2
22978,15162,12348,8004,283892,47277,47921,2
22846,15267,12668,8120,262881,43517,56679,12
22630,15224,12720,8144,251202,42833,54514,5
23289,15273,12657,8278,288812,40859,49113,7
23809,15305,12644,8306,285755,42210,52386,3
23164,15264,12493,8332,235557,39130,53073,7
23947,15552,12854,8280,328374,45460,51962,6
23957,15602,12779,8302,371270,46302,58159,7
24402,15804,13047,8184,272658,37880,47826,4
24136,15794,13128,8440,351235,36968,44760,9
23883,15846,13102,8372,277536,43298,50284,3
23335,15734,12938,8434,309316,38850,52295,3
23212,15763,12965,8532,237476,33403,47243,19
20877,15588,12705,8560,405096,37613,46281,7
21398,15341,12381,8582,316664,39074,42709,4
21528,15338,12381,8334,318782,38235,38361,5
21395,15392,12431,8400,319622,35836,39171,4
21600,15595,12639,8410,310286,35668,43234,2
20260,15178,12141,8268,423267,38327,45300,9
20297,15118,12017,8176,326378,33965,42098,5
19796,14931,11883,8176,344833,38358,46815,5
20049,14801,11816,8102,332252,45424,49520,7
20127,14771,11785,7928,301820,41522,47928,4
19969,14689,11630,8006,291239,36658,42574,6
18837,14631,11544,7968,434039,41273,46229,4
19290,14844,11791,7944,352397,38903,44456,11
19329,14961,11862,8004,321944,39668,43299,7
21381,15190,12112,8004,484695,39019,44015,6
22370,15352,12266,8098,502120,38142,41466,5
20296,14820,11633,8004,510911,42245,51883,6
20241,14843,11719,7900,378723,42932,48615,6
19701,14722,11552,7802,363890,44418,48059,5
19772,14573,11448,7786,301233,79546,74518,25
19544,14674,11535,7548,401770,37668,41686,6
18890,14474,11425,7548,367913,40580,40281,6
18547,14236,11220,7728,463637,40783,44710,11
19413,14116,11066,7468,411357,42846,49164,9
19297,13796,10867,7468,388960,51442,51343,6
19222,13580,10802,7489,441487,48861,46977,6
19110,13541,10829,7622,585714,45777,44450,7
19426,13833,11051,7696,530712,46848,45561,6
19573,13608,10737,7598,410378,46818,45166,10
19431,13472,10575,7628,439752,56453,46497,7
19623,13855,10815,7640,304847,48066,44154,5
20336,14319,11176,7718,358872,51465,50047,6
20160,14262,11148,7790,332237,42931,40918,9
19955,14087,11073,7682,347114,42521,44233,7
19546,13798,10652,7546,292273,44496,46341,4
19141,13693,10542,7540,274250,38343,39896,3
19051,13608,10426,7434,287115,47590,47388,6
19157,13546,10417,7356,249501,40068,40910,4
19382,13888,10649,7300,442198,50216,53000,6
19185,13607,10321,7292,384523,42430,43930,4
19550,13923,10675,7324,274725,43527,44391,7
19334,14089,10772,7474,305800,44837,50473,15
19139,13947,10680,7460,224253,42238,49550,3
19053,13840,10614,7416,244939,44966,46280,5
19172,14144,10859,7350,324592,50780,47064,6
19345,14226,10952,7366,302022,47479,48087,5
20095,14440,11199,7440,477615,48431,51417,3
20770,14531,10970,7546,588959,48173,52244,11
20285,14569,10792,7578,496251,46873,47735,6
20595,14795,11102,7586,439947,44594,47319,3
20495,14747,10988,7566,456684,48206,47537,3
20485,14790,10890,7620,398193,44812,46775,3
20159,14497,10524,7660,555521,48990,54364,4
20209,14455,10342,7612,432287,46252,51021,2
21147,14702,10475,7700,640727,54001,54537,3
20602,14808,10564,7750,535108,43416,44566,6
18541,14889,10616,7786,1189924,46076,51345,6
15880,14587,10353,7888,1029051,46450,49774,5
17586,15234,11114,8072,832022,57812,64330,5
17034,15352,11323,8220,558716,55933,58677,8
16618,15228,11196,8022,496302,45619,50040,8
16884,15381,11358,7986,365994,50153,56173,3
16669,15265,11183,7996,339255,41653,45851,7
16687,15223,11144,8036,278689,40517,43543,2
16697,15309,11146,8122,268622,40373,41754,4
15787,15278,11024,8166,374294,38506,39771,4
16189,15481,11174,8164,307268,38879,41863,3
16610,15545,11285,8232,329588,32797,44315,2
16521,15605,11226,8116,186782,17064,21840,2
16217,15370,11049,8138,277430,36154,42713,3
16444,15433,10983,8044,235816,35460,45928,6
17168,15780,11468,8248,295235,65793,66534,9
16967,15761,11482,8270,228953,45271,51581,5
17088,15767,11461,8272,195397,40126,45230,5
16974,15474,11239,7980,222090,42808,45100,6
17089,15328,11014,7850,198899,43683,47133,5
16848,15311,10958,7888,196754,41180,43438,3
17233,15399,11082,7380,204966,40069,42818,10
17133,15291,11004,7406,203284,38882,43374,7
17206,15468,11143,7626,196175,39041,48299,13
17781,15562,11256,7608,266347,50793,61268,11
17815,15494,11170,7614,255344,44723,54851,7
17364,15182,10810,7468,209644,44939,55360,5
16647,15018,10705,7340,240316,74936,79681,15
16439,14938,10546,7134,172210,39696,46318,4
16906,15000,10547,7104,227220,39853,47071,4
16817,15219,10709,7154,148829,37752,44014,7
16830,15081,10476,7188,164415,39569,51250,5
16796,15188,10497,7130,153292,28192,35446,1
16717,15218,10353,7128,157485,30303,38272,4
16552,15037,10213,7128,170057,30835,38429,4
16642,15241,10478,7212,144722,30036,41541,4
16602,15184,10466,7136,159291,29798,39590,2
16679,15154,10386,7146,139030,39591,47806,10
16863,15350,10458,7174,184217,44140,50853,9
16836,15225,10305,7126,136927,38934,47642,5
16951,15539,10569,7160,144136,39235,51997,6
17196,15514,10635,7286,186247,43117,51321,9
17446,15608,10742,7280,158083,38510,47106,7
17934,15749,10931,7366,183722,43033,52843,9
18869,15859,11001,7372,349713,44402,56812,8
19909,15918,11079,7444,292250,39397,50779,4
21161,15883,11095,7460,249999,42355,51384,10
20688,15649,10957,7570,300056,42987,52886,9
21086,15569,10852,7498,211528,39915,46608,9
22676,15777,11140,7490,287991,40133,59801,9
22934,15880,11364,7328,265187,39452,59978,10
22636,15868,11334,7264,264050,33204,56708,13
23117,15889,11313,7296,306853,37240,54855,10
23032,15985,11512,7324,263578,38095,57328,6
23078,15962,11621,7386,253833,39077,62438,6
22840,15818,11393,7388,272055,38020,51223,9
23139,16036,11584,7406,228378,46793,56951,7
23723,16121,11816,7408,266832,48569,63360,5
23471,16122,12200,7510,320669,56243,70382,6
23449,15999,12006,7644,270830,46945,59544,5
22760,15895,11887,7628,238250,41142,55383,5
23264,16021,12113,7564,271879,43558,57202,4
22939,15934,11910,7594,253713,40298,50528,5
21819,15828,11789,7656,325725,42702,55362,8
21651,15910,11718,7624,270784,38915,48850,5
21808,16052,11891,7632,239187,34486,47528,6
22220,16025,11960,7658,267925,39292,50324,5
24307,16016,12070,7738,324833,40759,50566,3
23623,15873,11855,7696,393166,41436,51594,5
24565,15840,11787,7614,413584,40454,49252,7
24436,15572,11492,7572,312520,41215,50025,10
24188,15530,11507,7500,301999,40793,46712,10
23947,15584,11590,7500,304762,39529,47145,5
23198,15464,11394,7538,268117,38777,44326,5
23522,15492,11466,7518,226607,38369,44940,5
23147,15428,11455,7432,205353,50434,53409,14
23646,15436,11379,7448,246628,42494,49275,8
23475,15524,11462,7424,203863,42449,53137,17
22362,15721,11689,7568,260624,40847,51022,8
22429,15694,11675,7484,173531,40008,49828,5
22219,15439,11530,7446,227654,39225,54228,9
21718,15440,11576,7462,225365,35355,50859,77
20363,15140,11338,7386,303646,44452,50617,45
20187,14894,11138,7362,395782,55181,61935,53
24197,14764,11188,7294,494663,65580,62014,123
24746,14944,11428,7306,546222,56658,55331,14
24375,14662,11434,7206,436557,65940,59124,11
25052,14830,11717,7326,338660,56957,54989,22
27423,14599,11630,7470,507302,93542,79030,31
27767,14777,11675,7516,447740,53471,49706,17
28175,14985,11860,7740,361021,49202,48298,10
27307,14741,11669,7682,333820,45330,49815,38
28333,14693,11787,7780,242204,49916,49174,9
27493,14758,11823,7750,259803,45839,43636,16
27139,14894,11768,7802,181888,42335,43303,8
27268,14949,11716,7794,177836,40146,40369,22
28348,15123,11926,7864,206849,41452,44935,14
28033,15200,12013,7828,224353,39308,47388,12
28478,15374,12221,7868,190013,45251,55211,12
27790,15487,12189,7740,195565,42347,48164,8
28168,15374,12126,7852,152845,42278,42987,13
28177,15368,11996,7888,170523,39680,43785,7
28044,15379,12087,8022,138378,34866,38628,6
29652,15427,12084,7928,192824,34236,43340,18
30235,15520,12031,7928,201212,36658,46769,18
30139,15500,11929,7978,186519,36331,49097,14
30399,15630,12166,8020,174877,35965,49429,6
30485,15601,12123,7958,226599,35756,46557,8
29445,15668,12157,7868,178721,36111,48231,12
30397,15684,12153,7902,194805,35366,48518,8
28822,15653,12157,7930,245715,35725,49727,4
28245,15582,12059,7952,213403,37720,45905,12
27276,15578,12072,8084,207595,36117,48680,7
27525,15606,12037,8032,177032,32909,48540,11
28307,15363,11799,8092,177333,39786,48060,9
28422,15228,11854,7986,318542,38370,52819,13
29473,15431,12142,8084,271534,37505,52537,14
29340,15545,12226,8346,175444,40878,53313,40
28091,15535,12212,8370,186555,33213,51684,24
28680,15314,12080,8370,164329,44861,55014,24
29006,15233,12025,8318,191229,42465,57821,11
28847,15117,11966,8370,155486,49200,47457,7
29534,15380,12235,8358,179365,41862,45747,4
27694,15391,12256,8380,191229,36416,42163,7
27658,15352,12179,8380,141285,38101,41267,7
27621,15349,12306,8458,206560,40571,49482,6
27000,15263,12328,8504,167243,37529,44894,13
26804,15246,12284,8554,193135,35337,41700,7
27192,15322,12365,8456,144132,35621,39792,5
27036,15129,12343,8472,127322,36542,40675,4
27398,15313,12500,8244,151400,40390,45018,83
26832,15345,12688,8364,152229,39805,45328,28
26890,15324,12657,8436,112589,40419,39357,53
26851,15318,12720,8472,110567,37285,42789,75
27225,15172,12560,8478,136972,41553,43474,24
26334,15022,12484,8302,162991,37391,40882,23
26476,14975,12698,8338,138511,41477,46516,11
26719,15078,12975,8484,127116,37154,44340,13
27702,14994,13017,8480,132510,42285,48434,10
27219,14887,12935,8550,156563,59806,59057,33
26819,15031,13100,8458,146789,43918,46103,12
27249,15345,13240,8494,148374,44542,44267,32
25760,15275,13229,8662,215132,38132,43442,16
27238,15391,13276,8774,219296,39965,48109,19
26345,15469,13104,8742,195300,45378,52706,16
26508,15502,13238,8740,119048,38267,42801,14
26480,15499,13259,8650,110155,37865,44127,15
25902,15548,13461,8678,116778,39456,47226,9
25918,15667,13573,8702,141434,42754,55221,7
25124,15642,13626,8658,142657,42521,57725,15
25576,15826,13782,8766,158373,41766,56675,7
26327,15795,13689,8720,163246,68486,80765,30
28327,15648,13667,8636,222118,40557,52377,12
30027,15657,13502,8540,333467,37093,51946,15
29912,15600,13630,8446,206531,35110,44995,11
30695,15469,13492,8422,241155,60536,77345,10
30271,15518,13335,8414,164931,34150,44306,12
30688,15646,13555,8358,164288,35735,50536,8
30086,15617,13591,8390,145715,37393,45332,9
30445,15737,13591,8320,131808,36966,43881,11
30477,15875,13787,8366,263873,39234,46611,22
